,Name,Year,Location,Latitude,Longitude
0,"""#1 Single""",2006,"Los Angeles, Los Angeles County, California, United States",34.0536909,-118.242766
1,"""#1 Single""",2006,"New York, United States",40.7127281,-74.0060152
2,"""#15SecondScare""",2015,"Coventry, West Midlands Combined Authority, West Midlands, England, United Kingdom",52.4081812,-1.510477
3,"""#15SecondScare""",2015,"West Hills, Los Angeles, Los Angeles County, California, 91307, United States",34.2032325,-118.645476
4,"""#15SecondScare""",2015,"West Hills, Los Angeles, Los Angeles County, California, 91307, United States",34.2032325,-118.645476
5,"""#2WheelzNHeelz""",2017,"Nashville-Davidson, Davidson County, Tennessee, United States",36.1622767,-86.7742984
6,"""#ATown""",2014,"Lady Bird Lake, Austin, Travis County, Texas, United States",30.26866735,-97.76299000801009
7,"""#ATown""",2014,"Texas Rowing Center, 1541, West Cesar Chavez Street, Clarksville, Austin, Travis County, Texas, 78703, United States",30.272271000000003,-97.76893453598484
8,"""#ATown""",2014,"Mount Bonnell, Austin, Travis County, Texas, 78731, United States",30.3207674,-97.7733474
9,"""#ATown""",2014,"Alamo Drafthouse Cinema - The Ritz, 320, East 6th Street, Downtown, Austin, Travis County, Texas, 78701, United States",30.26740345,-97.73958582383372
10,"""#ATown""",2014,"Barton Springs, Auditorium Shores, Austin, Travis County, Texas, 78767, United States",30.2587335,-97.7509521
11,"""#ActorsLife""",2016,"New York, United States",40.7127281,-74.0060152
12,"""#BreakfastClub""",2017,"New York, United States",40.7127281,-74.0060152
13,"""#BreakfastClub""",2017,"Los Angeles, Los Angeles County, California, United States",34.0536909,-118.242766
14,"""#CaptchaLA""",2017,"Los Angeles, Los Angeles County, California, United States",34.0536909,-118.242766
15,"""#DayOff""",2013,"New York, United States",40.7127281,-74.0060152
16,"""#DearGeorgette""",2015,"New York, United States",40.7127281,-74.0060152
17,"""#Elmira""",2014,"Elmira, City of Elmira, Chemung County, New York, 14904-1306, United States",42.0897965,-76.8077338
18,"""#Fuga""",2016,"Barra da Tijuca, Zona Oeste do Rio de Janeiro, Rio de Janeiro, Região Geográfica Imediata do Rio de Janeiro, Região Metropolitana do Rio de Janeiro, Região Geográfica Intermediária do Rio de Janeiro, Rio de Janeiro, Região Sudeste, Brasil",-22.9979553,-43.37311472822825
19,"""#Hashtag Travel UK""",2017,"England, United Kingdom",52.5310214,-1.2649062
20,"""#Hashtag Travel""",2017,"Hudson Valley, Woodbury, Town of Woodbury, Orange County, New York, United States",41.31611085,-74.12629189225156
21,"""#Hashtag Travel""",2017,"Cold Spring, Town of Philipstown, Putnam County, New York, United States",41.4200938,-73.9545831
22,"""#Hashtag Travel""",2017,"Beacon, Dutchess County, New York, 12508, United States",41.504879,-73.9696822
23,"""#Hashtag Travel""",2017,"Fishkill, Town of Fishkill, Dutchess County, New York, 12524, United States",41.5355745,-73.898702
24,"""#Hashtag Travel""",2017,"Wappingers Falls, Town of Wappinger, Dutchess County, New York, United States",41.5965635,-73.9112103
25,"""#Hashtag Travel""",2017,"Poughkeepsie, Dutchess County, New York, 12601, United States",41.7065539,-73.9283672
26,"""#Hashtag: The Series""",2013,"Chicago, Cook County, Illinois, United States",41.8755616,-87.6244212
27,"""#Hashtag: The Series""",2013,"Chicago, Cook County, Illinois, United States",41.8755616,-87.6244212
28,"""#KateConwayisaJerk""",2015,"Old Toronto, Toronto, Golden Horseshoe, Ontario, Canada",43.6534817,-79.3839347
29,"""#KateConwayisaJerk""",2015,"Gooderham Building, 49, Wellington Street East, King East, Toronto Centre, Old Toronto, Toronto, Golden Horseshoe, Ontario, M5E 1C7, Canada",43.648366800000005,-79.37439532076982
30,"""#KateConwayisaJerk""",2015,"Broadview Avenue, Toronto—Danforth, Old Toronto, Toronto, Golden Horseshoe, Ontario, M4M 2H5, Canada",43.657091,-79.3490907
31,"""#KillTorrey""",2016,"Burbank, Los Angeles County, California, United States",34.1816482,-118.3258554
32,"""#LakeShow""",2012,"El Segundo, Los Angeles County, California, 90245, United States",33.917028,-118.4156337
33,"""#LawstinWoods""",2013,"Erin, Town of Erin, Chemung County, New York, 14838, United States",42.1859079,-76.6699493
34,"""#LawstinWoods""",2013,"Elmira, Corning, and Waverly Trolley, Old Narrows Road, Harris Hill Manor, Town of Big Flats, Chemung County, New York, 14814:14903, United States",42.095532,-76.895482
35,"""#LawstinWoods""",2013,"Erin, Town of Erin, Chemung County, New York, 14838, United States",42.1859079,-76.6699493
36,"""#LawstinWoods""",2013,"Erin, Town of Erin, Chemung County, New York, 14838, United States",42.1859079,-76.6699493
37,"""#LawstinWoods""",2013,"Elmira, Corning, and Waverly Trolley, Old Narrows Road, Harris Hill Manor, Town of Big Flats, Chemung County, New York, 14814:14903, United States",42.095532,-76.895482
38,"""#LawstinWoods""",2013,"Erin, Town of Erin, Chemung County, New York, 14838, United States",42.1859079,-76.6699493
39,"""#LawstinWoods""",2013,"Elmira, Corning, and Waverly Trolley, Old Narrows Road, Harris Hill Manor, Town of Big Flats, Chemung County, New York, 14814:14903, United States",42.095532,-76.895482
40,"""#LawstinWoods""",2013,"Poultney, Rutland County, Vermont, United States",43.5171364,-73.2363426
41,"""#LdnOnt""",2012,"London, Southwestern Ontario, Ontario, Canada",42.9832406,-81.243372
42,"""#LoveMyRoomie""",2016,"New York, United States",40.7127281,-74.0060152
43,"""#LoveMyRoomie""",2016,"Brooklyn, Kings County, New York, United States",40.6526006,-73.9497211
44,"""#Millennials""",2015,"Los Angeles, Los Angeles County, California, United States",34.0536909,-118.242766
45,"""#Mittelfingerspitzengefhl""",2017,Deutschland,51.0834196,10.4234469
46,"""#Mittelfingerspitzengefhl""",2017,Nederland,52.24764975,5.541246849406163
47,"""#MommasGotBars""",2015,"Brooklyn, Kings County, New York, United States",40.6526006,-73.9497211
48,"""#Murder""",2017,"Knoxville, Knox County, Tennessee, United States",35.9603948,-83.9210261
49,"""#MyCurrentSituation: Atlanta""",2016,"Atlanta, Fulton County, Georgia, 30303-3506, United States",33.7489924,-84.3902644
50,"""#MyCurrentSituation: Atlanta""",2016,"Memphis, Shelby County, Tennessee, United States",35.1490215,-90.0516285
51,"""#NerdNoise""",2012,"Los Angeles, Los Angeles County, California, United States",34.0536909,-118.242766
52,"""#Nightstrife""",2014,"Chicago, Cook County, Illinois, United States",41.8755616,-87.6244212
53,"""#OscarTheOuch""",2013,"Hollywood, Los Angeles, Los Angeles County, California, United States",34.0980031,-118.329523
54,"""#QuieroEseLook!""",2013,"Río Grande, Rincón, Puerto Rico, United States",18.3606321,-67.23687225928968
55,"""#SmurTv""",2016,"Roanoke, Virginia, United States",37.270973,-79.9414313
56,"""#SmurTv""",2016,"Charlotte, Mecklenburg County, North Carolina, United States",35.2272086,-80.8430827
57,"""#SmurTv""",2016,"Atlanta, Fulton County, Georgia, 30303-3506, United States",33.7489924,-84.3902644
58,"""#SpongeyLeaks""",2016,"Northridge, Los Angeles, Los Angeles County, California, 91330-8246, United States",34.2345615,-118.5369316
59,"""#SpongeyLeaks""",2016,"Northridge, Los Angeles, Los Angeles County, California, 91330-8246, United States",34.2345615,-118.5369316
60,"""#Troublemakers""",2013,"Wilmington, New Castle County, Delaware, United States",39.7459468,-75.546589
61,"""#VanLifeAttila""",2016,Canada,61.0666922,-107.991707
62,"""#VanLifeAttila""",2016,"California, United States",36.7014631,-118.755997
63,"""#VanLifeAttila""",2016,أوروبا,51.0,10.0
64,"""#VanLifeAttila""",2016,"Wells, Cariboo Regional District, British Columbia, V0K 2R0, Canada",53.1044428,-121.5723679
65,"""#VanLifeAttila""",2016,"Barkerville Highway, Quesnel, Cariboo Regional District, British Columbia, V2J 5Z1, Canada",53.0154665,-122.4950096
66,"""#VanLifeAttila""",2016,"Wells, Cariboo Regional District, British Columbia, V0K 2R0, Canada",53.1044428,-121.5723679
67,"""#VanLifeAttila""",2016,"Barkerville Highway, Quesnel, Cariboo Regional District, British Columbia, V2J 5Z1, Canada",53.0154665,-122.4950096
68,"""#VanLifeAttila""",2016,"Burnaby, District of North Vancouver, Metro Vancouver Regional District, British Columbia, V5G 1M2, Canada",49.2433804,-122.9725459
69,"""#VanLifeAttila""",2016,"Coquitlam, Metro Vancouver Regional District, British Columbia, Canada",49.2842958,-122.793281
70,"""#VanLifeAttila""",2016,"Wells, Cariboo Regional District, British Columbia, V0K 2R0, Canada",53.1044428,-121.5723679
71,"""#VanLifeAttila""",2016,"Quesnel, Cariboo Regional District, British Columbia, V2J 2C1, Canada",52.9794279,-122.4936273
72,"""#VanLifeAttila""",2016,"Barkerville, British Columbia, Reduction Road, Barkerville, Area C (Bowron Lake/Barlow Creek/Barkerville), Cariboo Regional District, British Columbia, V0K 1B0, Canada",53.068471,-121.5153039254653
73,"""#VanLifeAttila""",2016,"Vancouver, District of North Vancouver, Metro Vancouver Regional District, British Columbia, Canada",49.2608724,-123.113952
74,"""#VanLifeAttila""",2016,"Vancouver, District of North Vancouver, Metro Vancouver Regional District, British Columbia, Canada",49.2608724,-123.113952
75,"""#VanLifeAttila""",2016,"Wells, Cariboo Regional District, British Columbia, V0K 2R0, Canada",53.1044428,-121.5723679
76,"""#VanLifeAttila""",2016,"Wells, Cariboo Regional District, British Columbia, V0K 2R0, Canada",53.1044428,-121.5723679
77,"""#VanLifeAttila""",2016,"Barkerville, British Columbia, Reduction Road, Barkerville, Area C (Bowron Lake/Barlow Creek/Barkerville), Cariboo Regional District, British Columbia, V0K 1B0, Canada",53.068471,-121.5153039254653
78,"""#VanLifeAttila""",2016,"North Vancouver, Metro Vancouver Regional District, British Columbia, Canada",49.3206294,-123.0737925
79,"""#VanLifeAttila""",2016,"North Vancouver, Metro Vancouver Regional District, British Columbia, Canada",49.3206294,-123.0737925
80,"""#VanLifeAttila""",2016,"North Vancouver, Metro Vancouver Regional District, British Columbia, Canada",49.3206294,-123.0737925
81,"""#VanLifeAttila""",2016,"Vancouver, District of North Vancouver, Metro Vancouver Regional District, British Columbia, Canada",49.2608724,-123.113952
82,"""#VanLifeAttila""",2016,"Wells, Cariboo Regional District, British Columbia, V0K 2R0, Canada",53.1044428,-121.5723679
83,"""#VanLifeAttila""",2016,"Barkerville, British Columbia, Reduction Road, Barkerville, Area C (Bowron Lake/Barlow Creek/Barkerville), Cariboo Regional District, British Columbia, V0K 1B0, Canada",53.068471,-121.5153039254653
84,"""#VanLifeAttila""",2016,"Quesnel, Cariboo Regional District, British Columbia, V2J 2C1, Canada",52.9794279,-122.4936273
85,"""#VanLifeAttila""",2016,"Kelowna, Regional District of Central Okanagan, British Columbia, Canada",49.8879177,-119.4959025
86,"""#VanLifeAttila""",2016,"Wells, Cariboo Regional District, British Columbia, V0K 2R0, Canada",53.1044428,-121.5723679
87,"""#VanLifeAttila""",2016,"Coquitlam, Metro Vancouver Regional District, British Columbia, Canada",49.2842958,-122.793281
88,"""#VanLifeAttila""",2016,"Coquitlam, Metro Vancouver Regional District, British Columbia, Canada",49.2842958,-122.793281
89,"""#VanLifeAttila""",2016,"Wells, Cariboo Regional District, British Columbia, V0K 2R0, Canada",53.1044428,-121.5723679
90,"""#VanLifeAttila""",2016,"Wells, Cariboo Regional District, British Columbia, V0K 2R0, Canada",53.1044428,-121.5723679
91,"""#VanLifeAttila""",2016,"Wells, Cariboo Regional District, British Columbia, V0K 2R0, Canada",53.1044428,-121.5723679
92,"""#VanLifeAttila""",2016,"Barkerville, British Columbia, Reduction Road, Barkerville, Area C (Bowron Lake/Barlow Creek/Barkerville), Cariboo Regional District, British Columbia, V0K 1B0, Canada",53.068471,-121.5153039254653
93,"""#VanLifeAttila""",2016,"Richmond, Metro Vancouver Regional District, British Columbia, Canada",49.163168,-123.137414
94,"""#VanLifeAttila""",2016,"Vancouver, District of North Vancouver, Metro Vancouver Regional District, British Columbia, Canada",49.2608724,-123.113952
95,"""#VanLifeAttila""",2016,"Barkerville Highway, Quesnel, Cariboo Regional District, British Columbia, V2J 5Z1, Canada",53.0154665,-122.4950096
96,"""#VanLifeAttila""",2016,"Wells, Cariboo Regional District, British Columbia, V0K 2R0, Canada",53.1044428,-121.5723679
97,"""#VanLifeAttila""",2016,"Barkerville, British Columbia, Reduction Road, Barkerville, Area C (Bowron Lake/Barlow Creek/Barkerville), Cariboo Regional District, British Columbia, V0K 1B0, Canada",53.068471,-121.5153039254653
98,"""#VanLifeAttila""",2016,"Wells, Cariboo Regional District, British Columbia, V0K 2R0, Canada",53.1044428,-121.5723679
99,"""#VanLifeAttila""",2016,"Barkerville, British Columbia, Reduction Road, Barkerville, Area C (Bowron Lake/Barlow Creek/Barkerville), Cariboo Regional District, British Columbia, V0K 1B0, Canada",53.068471,-121.5153039254653
100,"""#VanLifeAttila""",2016,"Sicamous, Columbia-Shuswap Regional District, British Columbia, Canada",50.8270107,-118.98552905060103
101,"""#VanLifeAttila""",2016,"Calgary, Alberta, Canada",51.0460954,-114.065465
102,"""#VanLifeAttila""",2016,"Vancouver, District of North Vancouver, Metro Vancouver Regional District, British Columbia, Canada",49.2608724,-123.113952
103,"""#VanLifeAttila""",2016,"Hope, Fraser Valley Regional District, British Columbia, V0X 1L4, Canada",49.3799438,-121.441351
104,"""#VanLifeAttila""",2016,"Barkerville, British Columbia, Reduction Road, Barkerville, Area C (Bowron Lake/Barlow Creek/Barkerville), Cariboo Regional District, British Columbia, V0K 1B0, Canada",53.068471,-121.5153039254653
105,"""#VanLifeAttila""",2016,"Barkerville, British Columbia, Reduction Road, Barkerville, Area C (Bowron Lake/Barlow Creek/Barkerville), Cariboo Regional District, British Columbia, V0K 1B0, Canada",53.068471,-121.5153039254653
106,"""#VanLifeAttila""",2016,"Sicamous, Columbia-Shuswap Regional District, British Columbia, Canada",50.8270107,-118.98552905060103
107,"""#VanLifeAttila""",2016,"Wells, Cariboo Regional District, British Columbia, V0K 2R0, Canada",53.1044428,-121.5723679
108,"""#VanLifeAttila""",2016,"Barkerville, British Columbia, Reduction Road, Barkerville, Area C (Bowron Lake/Barlow Creek/Barkerville), Cariboo Regional District, British Columbia, V0K 1B0, Canada",53.068471,-121.5153039254653
109,"""#VanLifeAttila""",2016,"Burnaby, District of North Vancouver, Metro Vancouver Regional District, British Columbia, V5G 1M2, Canada",49.2433804,-122.9725459
110,"""#VanLifeAttila""",2016,"North Vancouver, Metro Vancouver Regional District, British Columbia, Canada",49.3206294,-123.0737925
111,"""#VanLifeAttila""",2016,"Barkerville, British Columbia, Reduction Road, Barkerville, Area C (Bowron Lake/Barlow Creek/Barkerville), Cariboo Regional District, British Columbia, V0K 1B0, Canada",53.068471,-121.5153039254653
112,"""#VanLifeAttila""",2016,"Vancouver, District of North Vancouver, Metro Vancouver Regional District, British Columbia, Canada",49.2608724,-123.113952
113,"""#VanLifeAttila""",2016,"Wells, Cariboo Regional District, British Columbia, V0K 2R0, Canada",53.1044428,-121.5723679
114,"""#VanLifeAttila""",2016,"Vancouver, District of North Vancouver, Metro Vancouver Regional District, British Columbia, Canada",49.2608724,-123.113952
115,"""#VanLifeAttila""",2016,"Stanley Park, West End, Vancouver, District of North Vancouver, Metro Vancouver Regional District, British Columbia, V6G, Canada",49.3019112,-123.14154052837662
116,"""#VanLifeAttila""",2016,"Alberta, Canada",55.001251,-115.002136
117,"""#VanLifeAttila""",2016,"Vancouver, District of North Vancouver, Metro Vancouver Regional District, British Columbia, Canada",49.2608724,-123.113952
118,"""#VanLifeAttila""",2016,"Budapest, Közép-Magyarország, Magyarország",47.4979937,19.0403594
119,"""#VanLifeAttila""",2016,"Budapest, Közép-Magyarország, Magyarország",47.4979937,19.0403594
120,"""#VanLifeAttila""",2016,"Barkerville Highway, Quesnel, Cariboo Regional District, British Columbia, V2J 5Z1, Canada",53.0154665,-122.4950096
121,"""#VanLifeAttila""",2016,"Barkerville, British Columbia, Reduction Road, Barkerville, Area C (Bowron Lake/Barlow Creek/Barkerville), Cariboo Regional District, British Columbia, V0K 1B0, Canada",53.068471,-121.5153039254653
122,"""#VanLifeAttila""",2016,"Wells, Cariboo Regional District, British Columbia, V0K 2R0, Canada",53.1044428,-121.5723679
123,"""#VanLifeAttila""",2016,"Barkerville, British Columbia, Reduction Road, Barkerville, Area C (Bowron Lake/Barlow Creek/Barkerville), Cariboo Regional District, British Columbia, V0K 1B0, Canada",53.068471,-121.5153039254653
124,"""#VanLifeAttila""",2016,"Vancouver, District of North Vancouver, Metro Vancouver Regional District, British Columbia, Canada",49.2608724,-123.113952
125,"""#VanLifeAttila""",2016,"Barkerville, British Columbia, Reduction Road, Barkerville, Area C (Bowron Lake/Barlow Creek/Barkerville), Cariboo Regional District, British Columbia, V0K 1B0, Canada",53.068471,-121.5153039254653
126,"""#VanLifeAttila""",2016,"Coquitlam, Metro Vancouver Regional District, British Columbia, Canada",49.2842958,-122.793281
127,"""#VanLifeAttila""",2016,"North Vancouver, Metro Vancouver Regional District, British Columbia, Canada",49.3206294,-123.0737925
128,"""#VanLifeAttila""",2016,"Vancouver, District of North Vancouver, Metro Vancouver Regional District, British Columbia, Canada",49.2608724,-123.113952
129,"""#VanLifeAttila""",2016,"Barkerville, British Columbia, Reduction Road, Barkerville, Area C (Bowron Lake/Barlow Creek/Barkerville), Cariboo Regional District, British Columbia, V0K 1B0, Canada",53.068471,-121.5153039254653
130,"""#VanLifeAttila""",2016,"Barkerville, British Columbia, Reduction Road, Barkerville, Area C (Bowron Lake/Barlow Creek/Barkerville), Cariboo Regional District, British Columbia, V0K 1B0, Canada",53.068471,-121.5153039254653
131,"""#VanLifeAttila""",2016,"Stanley, Area C (Bowron Lake/Barlow Creek/Barkerville), Cariboo Regional District, British Columbia, Canada",53.0402309,-121.718755
132,"""#VanLifeAttila""",2016,"Quesnel, Cariboo Regional District, British Columbia, V2J 2C1, Canada",52.9794279,-122.4936273
133,"""#VanLifeAttila""",2016,"Barkerville, British Columbia, Reduction Road, Barkerville, Area C (Bowron Lake/Barlow Creek/Barkerville), Cariboo Regional District, British Columbia, V0K 1B0, Canada",53.068471,-121.5153039254653
134,"""#VanLifeAttila""",2016,"Wells, Cariboo Regional District, British Columbia, V0K 2R0, Canada",53.1044428,-121.5723679
135,"""#VanLifeAttila""",2016,"Wendle Lake, Area C (Bowron Lake/Barlow Creek/Barkerville), Cariboo Regional District, British Columbia, Canada",53.1173414,-121.49901337494916
136,"""#VanLifeAttila""",2016,"Barkerville, British Columbia, Reduction Road, Barkerville, Area C (Bowron Lake/Barlow Creek/Barkerville), Cariboo Regional District, British Columbia, V0K 1B0, Canada",53.068471,-121.5153039254653
137,"""#VanLifeAttila""",2016,"Wells, Cariboo Regional District, British Columbia, V0K 2R0, Canada",53.1044428,-121.5723679
138,"""#VanLifeAttila""",2016,"Wells, Cariboo Regional District, British Columbia, V0K 2R0, Canada",53.1044428,-121.5723679
139,"""#VanLifeAttila""",2016,"Quesnel, Cariboo Regional District, British Columbia, V2J 2C1, Canada",52.9794279,-122.4936273
140,"""#VanLifeAttila""",2016,"Barkerville, British Columbia, Reduction Road, Barkerville, Area C (Bowron Lake/Barlow Creek/Barkerville), Cariboo Regional District, British Columbia, V0K 1B0, Canada",53.068471,-121.5153039254653
141,"""#VanLifeAttila""",2016,"Wells, Cariboo Regional District, British Columbia, V0K 2R0, Canada",53.1044428,-121.5723679
142,"""#VanLifeAttila""",2016,"Quesnel, Cariboo Regional District, British Columbia, V2J 2C1, Canada",52.9794279,-122.4936273
143,"""#VanLifeAttila""",2016,"Barkerville, British Columbia, Reduction Road, Barkerville, Area C (Bowron Lake/Barlow Creek/Barkerville), Cariboo Regional District, British Columbia, V0K 1B0, Canada",53.068471,-121.5153039254653
144,"""#VanLifeAttila""",2016,"Wells, Cariboo Regional District, British Columbia, V0K 2R0, Canada",53.1044428,-121.5723679
145,"""#VanLifeAttila""",2016,"Barkerville, British Columbia, Reduction Road, Barkerville, Area C (Bowron Lake/Barlow Creek/Barkerville), Cariboo Regional District, British Columbia, V0K 1B0, Canada",53.068471,-121.5153039254653
146,"""#VanLifeAttila""",2016,"Barkerville Highway, Quesnel, Cariboo Regional District, British Columbia, V2J 5Z1, Canada",53.0154665,-122.4950096
147,"""#VanLifeAttila""",2016,"Boston Bar, British Columbia, V0K 1C0, Canada",49.8681162,-121.4432499
148,"""#VanLifeAttila""",2016,"Barkerville, British Columbia, Reduction Road, Barkerville, Area C (Bowron Lake/Barlow Creek/Barkerville), Cariboo Regional District, British Columbia, V0K 1B0, Canada",53.068471,-121.5153039254653
149,"""#VanLifeAttila""",2016,"Barkerville, British Columbia, Reduction Road, Barkerville, Area C (Bowron Lake/Barlow Creek/Barkerville), Cariboo Regional District, British Columbia, V0K 1B0, Canada",53.068471,-121.5153039254653
150,"""#VanLifeAttila""",2016,"Barkerville, British Columbia, Reduction Road, Barkerville, Area C (Bowron Lake/Barlow Creek/Barkerville), Cariboo Regional District, British Columbia, V0K 1B0, Canada",53.068471,-121.5153039254653
151,"""#VanLifeAttila""",2016,"British Columbia, Canada",55.001251,-125.002441
152,"""#VanLifeAttila""",2016,"Vancouver, District of North Vancouver, Metro Vancouver Regional District, British Columbia, Canada",49.2608724,-123.113952
153,"""#VanLifeAttila""",2016,"Barkerville Highway, Quesnel, Cariboo Regional District, British Columbia, V2J 5Z1, Canada",53.0154665,-122.4950096
154,"""#VanLifeAttila""",2016,"Old Toronto, Toronto, Golden Horseshoe, Ontario, Canada",43.6534817,-79.3839347
155,"""#VanLifeAttila""",2016,"Banff, Alberta, T1L 1C1, Canada",51.1777781,-115.5682504
156,"""#VanLifeAttila""",2016,"Winnipeg, Manitoba, Canada",49.8955367,-97.1384584
157,"""#VanLifeAttila""",2016,"Richmond, Metro Vancouver Regional District, British Columbia, Canada",49.163168,-123.137414
158,"""#VitalSignz""",2017,"Old Toronto, Toronto, Golden Horseshoe, Ontario, Canada",43.6534817,-79.3839347
159,"""#WarGames""",2018,"New York, United States",40.7127281,-74.0060152
160,"""#tlir""",2013,"Petoskey, Emmet County, Michigan, 49770-9998, United States",45.373343,-84.95533
161,"""$2 Bill""",2002,"Los Angeles, Los Angeles County, California, United States",34.0536909,-118.242766
162,"""$2 Bill""",2002,"San Diego, San Diego County, California, United States",32.7174202,-117.1627728
163,"""$2 Donuts""",2017,"Sydney, New South Wales, Australia",-33.8548157,151.2164539
164,"""$25 Million Dollar Hoax""",2004,"San Diego, San Diego County, California, United States",32.7174202,-117.1627728
165,"""$5 Cover""",2009,"Memphis, Shelby County, Tennessee, United States",35.1490215,-90.0516285
166,"""$5 Cover""",2009,"Tennessee, United States",35.7730076,-86.2820081
167,"""$5 Cover""",2009,"Tennessee, United States",35.7730076,-86.2820081
168,"""$5 Cover""",2009,"Tennessee, United States",35.7730076,-86.2820081
169,"""$5 Cover""",2009,"Tennessee, United States",35.7730076,-86.2820081
170,"""$5 Cover""",2009,"Tennessee, United States",35.7730076,-86.2820081
171,"""$5 Cover""",2009,"Tennessee, United States",35.7730076,-86.2820081
172,"""$5 Cover: Seattle""",2009,"Seattle, King County, Washington, United States",47.6038321,-122.3300624
173,"""$5,000 Video""",2013,"Los Angeles, Los Angeles County, California, United States",34.0536909,-118.242766
174,"""&@""",2010,"Seattle, King County, Washington, United States",47.6038321,-122.3300624
175,"""' Horse Trials '""",2011,"England, United Kingdom",52.5310214,-1.2649062
176,"""'80s Videos: A to Z""",2009,"Santa Monica, Los Angeles County, California, United States",34.0194704,-118.4912273
177,"""'Allo 'Allo!""",1982,"BBC Elstree Centre, Elstree and Borehamwood, Borehamwood, Hertsmere, Hertfordshire, East of England, England, WD6 1JF, United Kingdom",51.65887575,-0.2756769906149579
178,"""'Allo 'Allo!""",1982,"Beeston Tram and Bus Interchange, Church Street, Beeston, Broxtowe, Nottinghamshire, East Midlands, England, NG9 1FY, United Kingdom",52.92537055,-1.2147443636063955
179,"""'Allo 'Allo!""",1982,"Whitehall Road Engineers Sidings, Holbeck, Leeds, West Yorkshire, Yorkshire and the Humber, England, United Kingdom",53.7914716,-1.559122544098645
180,"""'Allo 'Allo!""",1982,"Lynford Hall, Lynford Road, Lynford, Breckland, Norfolk, East of England, England, IP26 5HW, United Kingdom",52.51433585,0.679956025662916
181,"""'Allo 'Allo!""",1982,"England, United Kingdom",52.5310214,-1.2649062
182,"""'Allo 'Allo!""",1982,"England, United Kingdom",52.5310214,-1.2649062
183,"""'Allo 'Allo!""",1982,"England, United Kingdom",52.5310214,-1.2649062
184,"""'Allo 'Allo!""",1982,"England, United Kingdom",52.5310214,-1.2649062
185,"""'Allo 'Allo!""",1982,"England, United Kingdom",52.5310214,-1.2649062
186,"""'Allo 'Allo!""",1982,"England, United Kingdom",52.5310214,-1.2649062
187,"""'Allo 'Allo!""",1982,"England, United Kingdom",52.5310214,-1.2649062
188,"""'Allo 'Allo!""",1982,"England, United Kingdom",52.5310214,-1.2649062
189,"""'Allo 'Allo!""",1982,"England, United Kingdom",52.5310214,-1.2649062
190,"""'Allo 'Allo!""",1982,"England, United Kingdom",52.5310214,-1.2649062
191,"""'Allo 'Allo!""",1982,"England, United Kingdom",52.5310214,-1.2649062
192,"""'Allo 'Allo!""",1982,"England, United Kingdom",52.5310214,-1.2649062
193,"""'Allo 'Allo!""",1982,"England, United Kingdom",52.5310214,-1.2649062
194,"""'Allo 'Allo!""",1982,"England, United Kingdom",52.5310214,-1.2649062
195,"""'Allo 'Allo!""",1982,"England, United Kingdom",52.5310214,-1.2649062
196,"""'Allo 'Allo!""",1982,"England, United Kingdom",52.5310214,-1.2649062
197,"""'Allo 'Allo!""",1982,"England, United Kingdom",52.5310214,-1.2649062
198,"""'Allo 'Allo!""",1982,"England, United Kingdom",52.5310214,-1.2649062
199,"""'Allo 'Allo!""",1982,"England, United Kingdom",52.5310214,-1.2649062
200,"""'Allo 'Allo!""",1982,"England, United Kingdom",52.5310214,-1.2649062
201,"""'Allo 'Allo!""",1982,"England, United Kingdom",52.5310214,-1.2649062
202,"""'Allo 'Allo!""",1982,"England, United Kingdom",52.5310214,-1.2649062
203,"""'Allo 'Allo!""",1982,"England, United Kingdom",52.5310214,-1.2649062
204,"""'Allo 'Allo!""",1982,"England, United Kingdom",52.5310214,-1.2649062
205,"""'Allo 'Allo!""",1982,"England, United Kingdom",52.5310214,-1.2649062
206,"""'Allo 'Allo!""",1982,"England, United Kingdom",52.5310214,-1.2649062
207,"""'Allo 'Allo!""",1982,"England, United Kingdom",52.5310214,-1.2649062
208,"""'Allo 'Allo!""",1982,"England, United Kingdom",52.5310214,-1.2649062
209,"""'Allo 'Allo!""",1982,"England, United Kingdom",52.5310214,-1.2649062
210,"""'Allo 'Allo!""",1982,"England, United Kingdom",52.5310214,-1.2649062
211,"""'Allo 'Allo!""",1982,"England, United Kingdom",52.5310214,-1.2649062
212,"""'Allo 'Allo!""",1982,"England, United Kingdom",52.5310214,-1.2649062
213,"""'Allo 'Allo!""",1982,"England, United Kingdom",52.5310214,-1.2649062
214,"""'Allo 'Allo!""",1982,"England, United Kingdom",52.5310214,-1.2649062
215,"""'Allo 'Allo!""",1982,"England, United Kingdom",52.5310214,-1.2649062
216,"""'Allo 'Allo!""",1982,"England, United Kingdom",52.5310214,-1.2649062
217,"""'Allo 'Allo!""",1982,"England, United Kingdom",52.5310214,-1.2649062
218,"""'Allo 'Allo!""",1982,"England, United Kingdom",52.5310214,-1.2649062
219,"""'Allo 'Allo!""",1982,"England, United Kingdom",52.5310214,-1.2649062
220,"""'Allo 'Allo!""",1982,"England, United Kingdom",52.5310214,-1.2649062
221,"""'Allo 'Allo!""",1982,"England, United Kingdom",52.5310214,-1.2649062
222,"""'Allo 'Allo!""",1982,"England, United Kingdom",52.5310214,-1.2649062
223,"""'Allo 'Allo!""",1982,"England, United Kingdom",52.5310214,-1.2649062
224,"""'Allo 'Allo!""",1982,"England, United Kingdom",52.5310214,-1.2649062
225,"""'Allo 'Allo!""",1982,"England, United Kingdom",52.5310214,-1.2649062
226,"""'Allo 'Allo!""",1982,"England, United Kingdom",52.5310214,-1.2649062
227,"""'Allo 'Allo!""",1982,"England, United Kingdom",52.5310214,-1.2649062
228,"""'Allo 'Allo!""",1982,"England, United Kingdom",52.5310214,-1.2649062
229,"""'Allo 'Allo!""",1982,"England, United Kingdom",52.5310214,-1.2649062
230,"""'Allo 'Allo!""",1982,"England, United Kingdom",52.5310214,-1.2649062
231,"""'Allo 'Allo!""",1982,"England, United Kingdom",52.5310214,-1.2649062
232,"""'Allo 'Allo!""",1982,"England, United Kingdom",52.5310214,-1.2649062
233,"""'Allo 'Allo!""",1982,"England, United Kingdom",52.5310214,-1.2649062
234,"""'Allo 'Allo!""",1982,"England, United Kingdom",52.5310214,-1.2649062
235,"""'Allo 'Allo!""",1982,"England, United Kingdom",52.5310214,-1.2649062
236,"""'Allo 'Allo!""",1982,"England, United Kingdom",52.5310214,-1.2649062
237,"""'Allo 'Allo!""",1982,"England, United Kingdom",52.5310214,-1.2649062
238,"""'Allo 'Allo!""",1982,"England, United Kingdom",52.5310214,-1.2649062
239,"""'Allo 'Allo!""",1982,"England, United Kingdom",52.5310214,-1.2649062
240,"""'Allo 'Allo!""",1982,"England, United Kingdom",52.5310214,-1.2649062
241,"""'Allo 'Allo!""",1982,"England, United Kingdom",52.5310214,-1.2649062
242,"""'Allo 'Allo!""",1982,"England, United Kingdom",52.5310214,-1.2649062
243,"""'Allo 'Allo!""",1982,"England, United Kingdom",52.5310214,-1.2649062
244,"""'Allo 'Allo!""",1982,"England, United Kingdom",52.5310214,-1.2649062
245,"""'Allo 'Allo!""",1982,"England, United Kingdom",52.5310214,-1.2649062
246,"""'Allo 'Allo!""",1982,"England, United Kingdom",52.5310214,-1.2649062
247,"""'Allo 'Allo!""",1982,"England, United Kingdom",52.5310214,-1.2649062
248,"""'Allo 'Allo!""",1982,"England, United Kingdom",52.5310214,-1.2649062
249,"""'Allo 'Allo!""",1982,"England, United Kingdom",52.5310214,-1.2649062
250,"""'Allo 'Allo!""",1982,"England, United Kingdom",52.5310214,-1.2649062
251,"""'Allo 'Allo!""",1982,"England, United Kingdom",52.5310214,-1.2649062
252,"""'Allo 'Allo!""",1982,"England, United Kingdom",52.5310214,-1.2649062
253,"""'Allo 'Allo!""",1982,"England, United Kingdom",52.5310214,-1.2649062
254,"""'Allo 'Allo!""",1982,"England, United Kingdom",52.5310214,-1.2649062
255,"""'Allo 'Allo!""",1982,"England, United Kingdom",52.5310214,-1.2649062
256,"""'Allo 'Allo!""",1982,"England, United Kingdom",52.5310214,-1.2649062
257,"""'Allo 'Allo!""",1982,"England, United Kingdom",52.5310214,-1.2649062
258,"""'Allo 'Allo!""",1982,"England, United Kingdom",52.5310214,-1.2649062
259,"""'Allo 'Allo!""",1982,"England, United Kingdom",52.5310214,-1.2649062
260,"""'Allo 'Allo!""",1982,"England, United Kingdom",52.5310214,-1.2649062
261,"""'Allo 'Allo!""",1982,"England, United Kingdom",52.5310214,-1.2649062
262,"""'Allo 'Allo!""",1982,"England, United Kingdom",52.5310214,-1.2649062
263,"""'Allo 'Allo!""",1982,"England, United Kingdom",52.5310214,-1.2649062
264,"""'Allo 'Allo!""",1982,"England, United Kingdom",52.5310214,-1.2649062
265,"""'Allo 'Allo!""",1982,"England, United Kingdom",52.5310214,-1.2649062
266,"""'Da Kink in My Hair""",2007,"Old Toronto, Toronto, Golden Horseshoe, Ontario, Canada",43.6534817,-79.3839347
267,"""'Da Kink in My Hair""",2007,"Old Toronto, Toronto, Golden Horseshoe, Ontario, Canada",43.6534817,-79.3839347
268,"""'Da Kink in My Hair""",2007,"Old Toronto, Toronto, Golden Horseshoe, Ontario, Canada",43.6534817,-79.3839347
269,"""'Da Kink in My Hair""",2007,"Old Toronto, Toronto, Golden Horseshoe, Ontario, Canada",43.6534817,-79.3839347
270,"""'Da Kink in My Hair""",2007,"Old Toronto, Toronto, Golden Horseshoe, Ontario, Canada",43.6534817,-79.3839347
271,"""'Da Kink in My Hair""",2007,"Old Toronto, Toronto, Golden Horseshoe, Ontario, Canada",43.6534817,-79.3839347
272,"""'Da Kink in My Hair""",2007,"Old Toronto, Toronto, Golden Horseshoe, Ontario, Canada",43.6534817,-79.3839347
273,"""'Da Kink in My Hair""",2007,"Old Toronto, Toronto, Golden Horseshoe, Ontario, Canada",43.6534817,-79.3839347
274,"""'Da Kink in My Hair""",2007,"Old Toronto, Toronto, Golden Horseshoe, Ontario, Canada",43.6534817,-79.3839347
275,"""'Da Kink in My Hair""",2007,"Old Toronto, Toronto, Golden Horseshoe, Ontario, Canada",43.6534817,-79.3839347
276,"""'Da Kink in My Hair""",2007,"Old Toronto, Toronto, Golden Horseshoe, Ontario, Canada",43.6534817,-79.3839347
277,"""'Da Kink in My Hair""",2007,"Old Toronto, Toronto, Golden Horseshoe, Ontario, Canada",43.6534817,-79.3839347
278,"""'Da Kink in My Hair""",2007,"Old Toronto, Toronto, Golden Horseshoe, Ontario, Canada",43.6534817,-79.3839347
279,"""'Da Kink in My Hair""",2007,"Old Toronto, Toronto, Golden Horseshoe, Ontario, Canada",43.6534817,-79.3839347
280,"""'Da Kink in My Hair""",2007,"Old Toronto, Toronto, Golden Horseshoe, Ontario, Canada",43.6534817,-79.3839347
281,"""'Da Kink in My Hair""",2007,"Old Toronto, Toronto, Golden Horseshoe, Ontario, Canada",43.6534817,-79.3839347
282,"""'Da Kink in My Hair""",2007,"Old Toronto, Toronto, Golden Horseshoe, Ontario, Canada",43.6534817,-79.3839347
283,"""'Da Kink in My Hair""",2007,"Old Toronto, Toronto, Golden Horseshoe, Ontario, Canada",43.6534817,-79.3839347
284,"""'Da Kink in My Hair""",2007,"Old Toronto, Toronto, Golden Horseshoe, Ontario, Canada",43.6534817,-79.3839347
285,"""'Da Kink in My Hair""",2007,"Old Toronto, Toronto, Golden Horseshoe, Ontario, Canada",43.6534817,-79.3839347
286,"""'Da Kink in My Hair""",2007,"Old Toronto, Toronto, Golden Horseshoe, Ontario, Canada",43.6534817,-79.3839347
287,"""'Da Kink in My Hair""",2007,"Old Toronto, Toronto, Golden Horseshoe, Ontario, Canada",43.6534817,-79.3839347
288,"""'Da Kink in My Hair""",2007,"Old Toronto, Toronto, Golden Horseshoe, Ontario, Canada",43.6534817,-79.3839347
289,"""'Da Kink in My Hair""",2007,"Old Toronto, Toronto, Golden Horseshoe, Ontario, Canada",43.6534817,-79.3839347
290,"""'Da Kink in My Hair""",2007,"Old Toronto, Toronto, Golden Horseshoe, Ontario, Canada",43.6534817,-79.3839347
291,"""'Da Kink in My Hair""",2007,"Old Toronto, Toronto, Golden Horseshoe, Ontario, Canada",43.6534817,-79.3839347
292,"""'Frankie & Emma'""",2017,"London, Greater London, England, SW1A 2DX, United Kingdom",51.5073219,-0.1276474
293,"""'More strasti'""",2000,Crna Gora / Црна Гора,42.9868853,19.5180992
294,"""'Pathic""",2000,"Sydney, New South Wales, Australia",-33.8548157,151.2164539
295,"""'Sang linggo nAPO sila""",1995,Pilipinas / Philippines,12.7503486,122.7312101
296,"""'Til Death Do Us Part""",2006,"Sportime USA, Saw Mill River Road, Town of Greenburgh, Westchester County, New York, 10523, United States",41.068125,-73.8142505
297,"""'Til Death Do Us Part""",2006,"Hamilton, Golden Horseshoe, Ontario, Canada",43.2560802,-79.8728583
298,"""'Wag kukurap""",2004,Pilipinas / Philippines,12.7503486,122.7312101
299,"""'Way Out""",1961,"New York, United States",40.7127281,-74.0060152
300,"""'Way Out""",1961,"New York, United States",40.7127281,-74.0060152
301,"""'Way Out""",1961,"New York, United States",40.7127281,-74.0060152
302,"""'Way Out""",1961,"New York, United States",40.7127281,-74.0060152
303,"""'Way Out""",1961,"New York, United States",40.7127281,-74.0060152
304,"""'Way Out""",1961,"New York, United States",40.7127281,-74.0060152
305,"""'Way Out""",1961,"New York, United States",40.7127281,-74.0060152
306,"""'Way Out""",1961,"New York, United States",40.7127281,-74.0060152
307,"""'Way Out""",1961,"New York, United States",40.7127281,-74.0060152
308,"""'Way Out""",1961,"New York, United States",40.7127281,-74.0060152
309,"""'Way Out""",1961,"New York, United States",40.7127281,-74.0060152
310,"""'Way Out""",1961,"New York, United States",40.7127281,-74.0060152
311,"""'Way Out""",1961,"New York, United States",40.7127281,-74.0060152
312,"""'Way Out""",1961,"New York, United States",40.7127281,-74.0060152
313,"""'Way Out""",1961,"New York, United States",40.7127281,-74.0060152
314,"""'n Shrink""",2009,"Austin, Travis County, Texas, United States",30.2711286,-97.7436995
315,"""'n Shrink""",2009,"Austin, Travis County, Texas, United States",30.2711286,-97.7436995
316,"""(Des)Encontros""",2014,"Canal 3, Encruzilhada, Santos, Região Imediata de Santos, Região Metropolitana da Baixada Santista, Região Geográfica Intermediária de São Paulo, São Paulo, Região Sudeste, 11015-440, Brasil",-23.9513538,-46.3258158
317,"""(Mis)adventure""",2014,"North Hollywood, Los Angeles, Los Angeles County, California, 91601-3121, United States",34.1729044,-118.3740371
318,"""(Mis)adventure""",2014,"Los Angeles, Los Angeles County, California, United States",34.0536909,-118.242766
319,"""(Not) Brothers""",2015,"New York, United States",40.7127281,-74.0060152
320,"""(Re)placement""",2017,"London, Greater London, England, SW1A 2DX, United Kingdom",51.5073219,-0.1276474
321,"""(S)avis""",2008,"Teatre Nacional de Catalunya, Carrer de los Castillejos, el Fort Pienc, Eixample, Barcelona, Barcelonès, Barcelona, Catalunya, 08001, España",41.3999764,2.185709260410055
322,"""(S)avis""",2008,"Teatre Romea, Carrer de l'Hospital, el Raval, Ciutat Vella, Barcelona, Barcelonès, Barcelona, Catalunya, 08001, España",41.3805321,2.1710813
323,"""(S)avis""",2008,"Parlament de Catalunya, Plaça de Joan Fiveller, la Ribera, Sant Pere, Santa Caterina i la Ribera, Ciutat Vella, Barcelona, Barcelonès, Barcelona, Catalunya, 08001, España",41.38810965,2.1888825518499733
324,"""(Un)Balanced: A Web Series""",2017,"Astoria, Queens, Queens County, New York, 11102, United States",40.7720145,-73.9302673
325,"""(gli) Imperatori""",2014,"Roma, Roma Capitale, Lazio, Italia",41.8933203,12.4829321
326,"""+27: Social Innovators of South Africa""",2014,"Cape Town, City of Cape Town, Western Cape, 8001, South Africa",-33.928992,18.417396
327,"""+27: Social Innovators of South Africa""",2014,"Johannesburg, City of Johannesburg Metropolitan Municipality, Gauteng, 2001, South Africa",-26.205,28.049722
328,"""...De raz luna""",2008,México,23.6585116,-102.0077097
329,"""...e le stelle stanno a guardare""",1971,"Massa Marittima, Grosseto, Toscana, 58024, Italia",43.0500376,10.8879707
330,"""...e le stelle stanno a guardare""",1971,"Punta Ala, Castiglione della Pescaia, Grosseto, Toscana, Italia",42.8012564,10.75113
331,"""...i Hetluften""",1994,Sverige,59.6749712,14.5208584
332,"""/Drive on NBCSN""",2014,"Passo dello Stelvio, Neuwies - Pratonuovo, Trafoi, Stilfs - Stelvio, Vinschgau - Val Venosta, Bolzano - Bozen, Trentino-Alto Adige/Südtirol, 39029, Italia",46.548015,10.5055225
333,"""/Drive on NBCSN""",2014,"Woking, Surrey, South East England, England, United Kingdom",51.3201891,-0.5564726
334,"""/Drive on NBCSN""",2014,"نادي العاصمة للفروسية +971501222551, أبو ظبي, الإمارات العربية المتحدة",24.4538352,54.3774014
335,"""/Drive on NBCSN""",2014,"Zion National Park, Washington County, Utah, United States",37.320774,-113.00484758652519
336,"""/Drive on NBCSN""",2014,"Las Vegas, Clark County, Nevada, United States",36.1672559,-115.148516
337,"""/Drive on NBCSN""",2014,"Death Valley National Park, California, 92328, United States",36.42404725,-116.914043672057
338,"""/Drive on NBCSN""",2014,"Yosemite National Park, California, 95389, United States",37.84054795,-119.51658779802511
339,"""01-For London""",1987,"London, Greater London, England, SW1A 2DX, United Kingdom",51.5073219,-0.1276474
340,"""0511 Sondersendung zu Theaterformen""",0511,"Hannover, Region Hannover, Niedersachsen, 30159, Deutschland",52.3744779,9.7385532
341,"""0511 TV Lokal""",0511,"Hannover, Region Hannover, Niedersachsen, 30159, Deutschland",52.3744779,9.7385532
342,"""0511 TV Lokal""",0511,"Hannover, Region Hannover, Niedersachsen, 30159, Deutschland",52.3744779,9.7385532
343,"""0511 TV Lokal""",0511,"Hannover, Region Hannover, Niedersachsen, 30159, Deutschland",52.3744779,9.7385532
344,"""0511 TV Lokal""",0511,"Hannover, Region Hannover, Niedersachsen, 30159, Deutschland",52.3744779,9.7385532
345,"""0511 TV Lokal""",0511,"Barsinghausen, Region Hannover, Niedersachsen, 30890, Deutschland",52.30223,9.4623741
346,"""0511 TV Lokal""",0511,"Hannover, Region Hannover, Niedersachsen, 30159, Deutschland",52.3744779,9.7385532
347,"""0511 TV Lokal""",0511,"Hannover, Region Hannover, Niedersachsen, 30159, Deutschland",52.3744779,9.7385532
348,"""0511 TV Lokal""",0511,"Hannover, Region Hannover, Niedersachsen, 30159, Deutschland",52.3744779,9.7385532
349,"""0511 TV Lokal""",0511,"Hannover, Region Hannover, Niedersachsen, 30159, Deutschland",52.3744779,9.7385532
350,"""0511 TV Lokal""",0511,"Hannover, Region Hannover, Niedersachsen, 30159, Deutschland",52.3744779,9.7385532
351,"""0511 TV Lokal""",0511,"Hannover, Region Hannover, Niedersachsen, 30159, Deutschland",52.3744779,9.7385532
352,"""0511 TV Lokal""",0511,"Hannover, Region Hannover, Niedersachsen, 30159, Deutschland",52.3744779,9.7385532
353,"""0511 TV Lokal""",0511,"Hannover, Region Hannover, Niedersachsen, 30159, Deutschland",52.3744779,9.7385532
354,"""0511 TV Lokal""",0511,"Hannover, Region Hannover, Niedersachsen, 30159, Deutschland",52.3744779,9.7385532
355,"""0511 TV Lokal""",0511,"Hannover, Region Hannover, Niedersachsen, 30159, Deutschland",52.3744779,9.7385532
356,"""0511 TV Lokal""",0511,"Hannover, Region Hannover, Niedersachsen, 30159, Deutschland",52.3744779,9.7385532
357,"""0511 TV Lokal""",0511,"Hannover, Region Hannover, Niedersachsen, 30159, Deutschland",52.3744779,9.7385532
358,"""0511 TV Lokal""",0511,"Hannover, Region Hannover, Niedersachsen, 30159, Deutschland",52.3744779,9.7385532
359,"""0511 TV Lokal""",0511,"Hannover, Region Hannover, Niedersachsen, 30159, Deutschland",52.3744779,9.7385532
360,"""0511 TV Lokal""",0511,"Hannover, Region Hannover, Niedersachsen, 30159, Deutschland",52.3744779,9.7385532
361,"""0511 TV Lokal""",0511,"Hannover, Region Hannover, Niedersachsen, 30159, Deutschland",52.3744779,9.7385532
362,"""0511 TV Lokal""",0511,"Lehrte, Region Hannover, Niedersachsen, 31275, Deutschland",52.3749334,9.9748557
363,"""0511 TV Lokal""",0511,"Hannover, Region Hannover, Niedersachsen, 30159, Deutschland",52.3744779,9.7385532
364,"""0511 TV Lokal""",0511,"Hannover, Region Hannover, Niedersachsen, 30159, Deutschland",52.3744779,9.7385532
365,"""0511 TV Lokal""",0511,"Hannover, Region Hannover, Niedersachsen, 30159, Deutschland",52.3744779,9.7385532
366,"""0511 TV Lokal""",0511,"Hannover, Region Hannover, Niedersachsen, 30159, Deutschland",52.3744779,9.7385532
367,"""0511 TV Lokal""",0511,"Celle, Landkreis Celle, Niedersachsen, 29221, Deutschland",52.624056,10.081052
368,"""0511 TV Lokal""",0511,"Hannover, Region Hannover, Niedersachsen, 30159, Deutschland",52.3744779,9.7385532
369,"""0511 TV Lokal""",0511,"Hannover, Region Hannover, Niedersachsen, 30159, Deutschland",52.3744779,9.7385532
370,"""0511 TV Lokal""",0511,"Hannover, Region Hannover, Niedersachsen, 30159, Deutschland",52.3744779,9.7385532
371,"""0511 TV Lokal""",0511,"Hannover, Region Hannover, Niedersachsen, 30159, Deutschland",52.3744779,9.7385532
372,"""0511 TV Lokal""",0511,"Hannover, Region Hannover, Niedersachsen, 30159, Deutschland",52.3744779,9.7385532
373,"""0511 TV Lokal""",0511,"Hannover, Region Hannover, Niedersachsen, 30159, Deutschland",52.3744779,9.7385532
374,"""0511 TV Lokal""",0511,"Hannover, Region Hannover, Niedersachsen, 30159, Deutschland",52.3744779,9.7385532
375,"""0511 TV Lokal""",0511,"Hannover, Region Hannover, Niedersachsen, 30159, Deutschland",52.3744779,9.7385532
376,"""0511 TV Lokal""",0511,"Hannover, Region Hannover, Niedersachsen, 30159, Deutschland",52.3744779,9.7385532
377,"""0511 TV Lokal""",0511,"Hannover, Region Hannover, Niedersachsen, 30159, Deutschland",52.3744779,9.7385532
378,"""0511 TV Lokal""",0511,"Hannover, Region Hannover, Niedersachsen, 30159, Deutschland",52.3744779,9.7385532
379,"""0511 TV Lokal""",0511,"Hannover, Region Hannover, Niedersachsen, 30159, Deutschland",52.3744779,9.7385532
380,"""0511 TV Lokal""",0511,"Hannover, Region Hannover, Niedersachsen, 30159, Deutschland",52.3744779,9.7385532
381,"""0511 TV Lokal""",0511,"Hannover, Region Hannover, Niedersachsen, 30159, Deutschland",52.3744779,9.7385532
382,"""0511 TV Lokal""",0511,"Hannover, Region Hannover, Niedersachsen, 30159, Deutschland",52.3744779,9.7385532
383,"""0511 TV Lokal""",0511,"Hannover, Region Hannover, Niedersachsen, 30159, Deutschland",52.3744779,9.7385532
384,"""0511 TV Lokal""",0511,"Hannover, Region Hannover, Niedersachsen, 30159, Deutschland",52.3744779,9.7385532
385,"""0511 TV Lokal""",0511,"Hannover, Region Hannover, Niedersachsen, 30159, Deutschland",52.3744779,9.7385532
386,"""0511 TV Lokal""",0511,"Hannover, Region Hannover, Niedersachsen, 30159, Deutschland",52.3744779,9.7385532
387,"""0511 TV Lokal""",0511,"Hannover, Region Hannover, Niedersachsen, 30159, Deutschland",52.3744779,9.7385532
388,"""0511 TV Lokal""",0511,"Hannover, Region Hannover, Niedersachsen, 30159, Deutschland",52.3744779,9.7385532
389,"""0511 TV Lokal""",0511,"Hannover, Region Hannover, Niedersachsen, 30159, Deutschland",52.3744779,9.7385532
390,"""0511 TV Lokal""",0511,"Hannover, Region Hannover, Niedersachsen, 30159, Deutschland",52.3744779,9.7385532
391,"""0511 TV Lokal""",0511,"Hannover, Region Hannover, Niedersachsen, 30159, Deutschland",52.3744779,9.7385532
392,"""0511 TV Lokal""",0511,"Hannover, Region Hannover, Niedersachsen, 30159, Deutschland",52.3744779,9.7385532
393,"""0511 TV Lokal""",0511,"Hannover, Region Hannover, Niedersachsen, 30159, Deutschland",52.3744779,9.7385532
394,"""0511 TV Lokal""",0511,"Hannover, Region Hannover, Niedersachsen, 30159, Deutschland",52.3744779,9.7385532
395,"""0511 TV Lokal""",0511,"Hannover, Region Hannover, Niedersachsen, 30159, Deutschland",52.3744779,9.7385532
396,"""0511 TV Lokal""",0511,"Hannover, Region Hannover, Niedersachsen, 30159, Deutschland",52.3744779,9.7385532
397,"""0511 TV Lokal""",0511,"Hannover, Region Hannover, Niedersachsen, 30159, Deutschland",52.3744779,9.7385532
398,"""0511 TV Lokal""",0511,"Hannover, Region Hannover, Niedersachsen, 30159, Deutschland",52.3744779,9.7385532
399,"""0511 TV Lokal""",0511,"Hannover, Region Hannover, Niedersachsen, 30159, Deutschland",52.3744779,9.7385532
400,"""0511 TV Lokal""",0511,"Hannover, Region Hannover, Niedersachsen, 30159, Deutschland",52.3744779,9.7385532
401,"""07 zglos sie""",1976,"Warszawa, województwo mazowieckie, 00-901, Polska",52.2319581,21.0067249
402,"""07 zglos sie""",1976,"Sopot, województwo pomorskie, Polska",54.44190905,18.54309444570447
403,"""1 Gay 5 Queens""",2013,"West Hollywood, Los Angeles County, California, United States",34.0923014,-118.3692894
404,"""1 Girl 5 Gays""",2009,"Old Toronto, Toronto, Golden Horseshoe, Ontario, Canada",43.6534817,-79.3839347
405,"""1 Kadin 1 Erkek""",2008,"İstanbul, Fatih, İstanbul, Marmara Bölgesi, 34126, Türkiye",41.0096334,28.9651646
406,"""1 Non Blonde""",2010,New Zealand / Aotearoa,-41.5000831,172.8344077
407,"""1 chan KNB""",2007,"富山市, 富山県, 日本",36.6957569,137.2136215
408,"""1 vs. 100""",2010,"Los Angeles, Los Angeles County, California, United States",34.0536909,-118.242766
409,"""1, 2 oder 3""",1977,"Adlershof, Treptow-Köpenick, Berlin, 12489, Deutschland",52.4378932,13.5475496
410,"""1, 2, 3 Go""",1961,"Sussex, England, United Kingdom",50.94451385000001,-0.062267328417847545
411,"""1,000 Places to See Before You Die""",2007,"Corcovado, Região Geográfica Imediata do Rio de Janeiro, Região Metropolitana do Rio de Janeiro, Região Geográfica Intermediária do Rio de Janeiro, Rio de Janeiro, Região Sudeste, 22470-180, Brasil",-22.9519478,-43.210579
412,"""1,000 Places to See Before You Die""",2007,"Cristo Redentor, Cristo del Corcovado, Alto da Boa Vista, Rio de Janeiro, Região Geográfica Imediata do Rio de Janeiro, Região Metropolitana do Rio de Janeiro, Região Geográfica Intermediária do Rio de Janeiro, Rio de Janeiro, Região Sudeste, 22470-180, Brasil",-22.9519173,-43.2104585
413,"""1,000 Places to See Before You Die""",2007,"Manaus, Região Geográfica Imediata de Manaus, Região Geográfica Intermediária de Manaus, Amazonas, Região Norte, 69000-000, Brasil",-3.1316333,-59.9825041
414,"""1,000 Places to See Before You Die""",2007,"Río Negro, Barcelos, Região Geográfica Imediata de São Gabriel da Cachoeira, Região Geográfica Intermediária de Manaus, Amazonas, Região Norte, Brasil",-1.6361292,-61.4521354
415,"""1,000 Places to See Before You Die""",2007,"Hotel Copacabana Palace, 1702, Avenida Atlântica, Copacabana, Rio de Janeiro, Região Geográfica Imediata do Rio de Janeiro, Região Metropolitana do Rio de Janeiro, Região Geográfica Intermediária do Rio de Janeiro, Rio de Janeiro, Região Sudeste, 22021-001, Brasil",-22.9670027,-43.1790751
416,"""1,000 Places to See Before You Die""",2007,"Garota de Ipanema, 49, Rua Vinícius de Moraes, Ipanema, Rio de Janeiro, Região Geográfica Imediata do Rio de Janeiro, Região Metropolitana do Rio de Janeiro, Região Geográfica Intermediária do Rio de Janeiro, Rio de Janeiro, Região Sudeste, 22411-010, Brasil",-22.9852383,-43.202981
417,"""1,000 Places to See Before You Die""",2007,"Rio de Janeiro, Região Geográfica Imediata do Rio de Janeiro, Região Metropolitana do Rio de Janeiro, Região Geográfica Intermediária do Rio de Janeiro, Rio de Janeiro, Região Sudeste, Brasil",-22.9110137,-43.2093727
418,"""1,000 Places to See Before You Die""",2007,"Fairmont Chateau Whistler, 4599, Chateau Boulevard, Blackcomb Base, Whistler, Whistler Resort Municipality, Squamish-Lillooet Regional District, British Columbia, V8E 0Y2, Canada",50.117341350000004,-122.94490421815297
419,"""1,000 Places to See Before You Die""",2007,"British Columbia, Canada",55.001251,-125.002441
420,"""1,000 Places to See Before You Die""",2007,"Tofino, Alberni-Clayoquot Regional District, British Columbia, V0R 2Z0, Canada",49.1529643,-125.9047083
421,"""1,000 Places to See Before You Die""",2007,"The Wickaninnish Inn, 500, Osprey Lane, Tofino, Alberni-Clayoquot Regional District, British Columbia, V0R2Z0, Canada",49.123013400000005,-125.90132416766636
422,"""1,000 Places to See Before You Die""",2007,"Vancouver, District of North Vancouver, Metro Vancouver Regional District, British Columbia, Canada",49.2608724,-123.113952
423,"""1,000 Places to See Before You Die""",2007,"Rogers Arena, 800, Griffiths Way, Gastown, Downtown, Vancouver, District of North Vancouver, Metro Vancouver Regional District, British Columbia, V6B 1V4, Canada",49.2779085,-123.10894170979472
424,"""1,000 Places to See Before You Die""",2007,"Whistler Blackcomb, Whistler Village, Whistler Resort Municipality, Squamish-Lillooet Regional District, British Columbia, Canada",50.0814471,-122.96277172544472
425,"""1,000 Places to See Before You Die""",2007,"Paris, Île-de-France, France métropolitaine, France",48.8588897,2.3200410217200766
426,"""1,000 Places to See Before You Die""",2007,"Arc de Triomphe, Passage du Souvenir, Quartier du Faubourg-du-Roule, Paris 8e Arrondissement, Paris, Île-de-France, France métropolitaine, 75008, France",48.8737791,2.295037226037673
427,"""1,000 Places to See Before You Die""",2007,"Rue Montorgueil, Quartier de Bonne-Nouvelle, Paris 2e Arrondissement, Paris, Île-de-France, France métropolitaine, 75002, France",48.8658583,2.3470562
428,"""1,000 Places to See Before You Die""",2007,"La Seine - Bras de la Monnaie, Paris, Île-de-France, France métropolitaine, 75004, France",48.8538465,2.3453468
429,"""1,000 Places to See Before You Die""",2007,"Hôtel Regyn's Montmartre, 18, Place des Abbesses, Quartier de Clignancourt, Paris 18e Arrondissement, Paris, Île-de-France, France métropolitaine, 75018, France",48.8846283,2.3381804
430,"""1,000 Places to See Before You Die""",2007,Monaco,43.73844905,7.424224092532953
431,"""1,000 Places to See Before You Die""",2007,"Place du Casino, Monte-Carlo, Monaco",43.739358949999996,7.427822378154129
432,"""1,000 Places to See Before You Die""",2007,"Hôtel de Paris, Place du Casino, Monte-Carlo, Monaco, 98000, Monaco",43.738835300000005,7.426632622648073
433,"""1,000 Places to See Before You Die""",2007,"Casino de Monte Carlo, Place du Casino, Monte-Carlo, Monaco, 98000, Monaco",43.7391605,7.428023
434,"""1,000 Places to See Before You Die""",2007,"Monte-Carlo, Monaco, 98000, Monaco",43.7402961,7.426559
435,"""1,000 Places to See Before You Die""",2007,"Eze Village, Moyenne Corniche, Èze-Bord-de-Mer, Èze, Nice, Alpes-Maritimes, Provence-Alpes-Côte d'Azur, France métropolitaine, 06360, France",43.7297829,7.3618851
436,"""1,000 Places to See Before You Die""",2007,"Saint-Paul-de-Vence, Grasse, Alpes-Maritimes, Provence-Alpes-Côte d'Azur, France métropolitaine, 06570, France",43.697972,7.1216304
437,"""1,000 Places to See Before You Die""",2007,México,23.6585116,-102.0077097
438,"""1,000 Places to See Before You Die""",2007,"Guadalajara, Jalisco, México",20.6720375,-103.338396
439,"""1,000 Places to See Before You Die""",2007,"Tequila, Region Valles, Jalisco, México",20.8821155,-103.8370907
440,"""1,000 Places to See Before You Die""",2007,"Tlaquepaque, San Pedro Tlaquepaque, Jalisco, 45500, México",20.6397718,-103.3120428
441,"""1,000 Places to See Before You Die""",2007,"Zihuatanejo, Zihuatanejo de Azueta, Guerrero, 40880, México",17.6467874,-101.5519746
442,"""1,000 Places to See Before You Die""",2007,"The Casitas At Playa La Ropa, Lote 1, Escenica La Ropa, Zihuatanejo, Zihuatanejo de Azueta, Guerrero, 40880, México",17.6288862,-101.5420916
443,"""1,000 Places to See Before You Die""",2007,South Africa,-28.8166236,24.991639
444,"""1,000 Places to See Before You Die""",2007,"Hermanus, Overstrand Local Municipality, Overberg District Municipality, Western Cape, 7200, South Africa",-34.4175,19.2361111
445,"""1,000 Places to See Before You Die""",2007,"Birkenhead, 132, Main Road, Overstrand Ward 3, Hermanus, Overstrand Local Municipality, Overberg District Municipality, Western Cape, 7202, South Africa",-34.4183033,19.24442746322169
446,"""1,000 Places to See Before You Die""",2007,"Botlierskop Private Game Reserve day tours, Kretzen, Mossel Bay Ward 4, Mossel Bay Local Municipality, Garden Route District Municipality, Western Cape, South Africa",-34.03058865,22.13969101357143
447,"""1,000 Places to See Before You Die""",2007,"Cape Town, City of Cape Town, Western Cape, 8001, South Africa",-33.928992,18.417396
448,"""1,000 Places to See Before You Die""",2007,"Table Mountain, Cape Town Ward 54, Cape Town, City of Cape Town, Western Cape, 8040, South Africa",-33.9593679,18.4042289
449,"""1,000 Places to See Before You Die""",2007,"Mount Nelson Hotel, Wilkinson Street, Gardens, Cape Town Ward 115, Cape Town, City of Cape Town, Western Cape, 8001, South Africa",-33.931816,18.411391195065455
450,"""1,000 Places to See Before You Die""",2007,"Bo-Kaap, Cape Town, City of Cape Town, Western Cape, South Africa",-33.920560949999995,18.41288085411493
451,"""1,000 Places to See Before You Die""",2007,"City Lodge Hotel Victoria and Alfred Waterfront, Alfred Street, Foreshore, Cape Town Ward 115, Cape Town, City of Cape Town, Western Cape, 8001, South Africa",-33.9137038,18.422237099414716
452,"""1,000 Places to See Before You Die""",2007,"Robben Island, Robben Island Village, City of Cape Town, Western Cape, South Africa",-33.805299950000006,18.36888354984039
453,"""1-2-3 Istanbul!""",2009,"Бургас, Бългaрия",42.444553,27.208264534658166
454,"""1-2-3 Istanbul!""",2009,"İstanbul, Fatih, İstanbul, Marmara Bölgesi, 34126, Türkiye",41.0096334,28.9651646
455,"""1-2-3 Istanbul!""",2009,"Ljubljana, Upravna Enota Ljubljana, 1000, Slovenija",46.0499803,14.5068602
456,"""1-2-3 Istanbul!""",2009,"Međugorje, Općina Čitluk, Hercegovačko-neretvanska županija (kanton), Federacija Bosne i Hercegovine, 88266, Bosna i Hercegovina / Босна и Херцеговина",43.1905339,17.6775328
457,"""1-2-3 Istanbul!""",2009,"Mostar, MZ Centar II, Grad Mostar, Hercegovačko-neretvanska županija (kanton), Federacija Bosne i Hercegovine, 88000, Bosna i Hercegovina / Босна и Херцеговина",43.3435855,17.8076584
458,"""1-2-3 Istanbul!""",2009,"Grad Sarajevo, Kanton Sarajevo, Federacija Bosne i Hercegovine, Bosna i Hercegovina / Босна и Херцеговина",43.8519774,18.3866868
459,"""1-2-3 Istanbul!""",2009,"Shkodër, Bashkia Shkodër, Qarku i Shkodrës, Shqipëria veriore, 4001-4007, Shqipëria",42.0681371,19.5121437
460,"""1-2-3 Istanbul!""",2009,"Скопје, Општина Центар, Град Скопје, Скопски СР, Северна Македонија",41.9960924,21.4316495
461,"""1-2-3 Istanbul!""",2009,"Tiranë, Bashkia Tiranë, Qarku i Tiranës, Shqipëria qendrore, 1001-1028, Shqipëria",41.3279485,19.8185512
462,"""1-2-3 Istanbul!""",2009,"Zagreb, Grad Zagreb, 10106, Hrvatska",45.8131847,15.9771774
463,"""1-2-3 Moskau!""",2008,"Berlin, Deutschland",52.5170365,13.3888599
464,"""1-2-3 Moskau!""",2008,"Москва, Центральный федеральный округ, Россия",55.7504461,37.6174943
465,"""1-2-3 Moskau!""",2008,"Великий Новгород, городской округ Великий Новгород, Новгородская область, Северо-Западный федеральный округ, 173001, Россия",58.5209862,31.2757862
466,"""1-2-3 Moskau!""",2008,"Rīga, Vidzeme, Latvija",56.9493977,24.1051846
467,"""1-2-3 Moskau!""",2008,"Tallinn, Harju maakond, Eesti",59.4372155,24.7453688
468,"""1-2-3 Moskau!""",2008,"Vilnius, Vilniaus miesto savivaldybė, Vilniaus apskritis, 01101, Lietuva",54.6870458,25.2829111
469,"""1-2-3 Moskau!""",2008,"Warszawa, województwo mazowieckie, 00-901, Polska",52.2319581,21.0067249
470,"""1-800-Missing""",2003,"Riverdale Collegiate Institute, 1094, Gerrard Street East, East End, Toronto—Danforth, Old Toronto, Toronto, Golden Horseshoe, Ontario, M4M 2A1, Canada",43.67026755,-79.33419669899203
471,"""1-800-Missing""",2003,"Old Toronto, Toronto, Golden Horseshoe, Ontario, Canada",43.6534817,-79.3839347
472,"""1/4 Mermaid""",2015,"Los Angeles, Los Angeles County, California, United States",34.0536909,-118.242766
473,"""1/4 Mermaid""",2015,"Cypress, Orange County, California, 90630, United States",33.8248235,-118.0399368
474,"""10 Days to War""",2008,الأردن,31.1667049,36.941628
475,"""10 Films, 1 Box""",2014,"Los Angeles, Los Angeles County, California, United States",34.0536909,-118.242766
476,"""10 Great Reasons""",2008,"Los Angeles, Los Angeles County, California, United States",34.0536909,-118.242766
477,"""10 Great Reasons""",2008,"New York, United States",40.7127281,-74.0060152
478,"""10 Items or Less""",2006,"Reseda, Los Angeles, Los Angeles County, California, 91335-2819, United States",34.2006552,-118.536528
479,"""10 Minute Tales""",2009,"Hackney, London, Greater London, England, E9 6QW, United Kingdom",51.5432402,-0.0493621
480,"""10 Minute Tales""",2009,"Watford, Hertfordshire, East of England, England, United Kingdom",51.6553875,-0.3957425
481,"""10 Reviews in 10 Minutes""",2012,"Norwich, Norfolk, East of England, England, United Kingdom",52.628606,1.29227
482,"""10 Reviews in 10 Minutes""",2012,"Norwich, Norfolk, East of England, England, United Kingdom",52.628606,1.29227
483,"""10 Seconds""",1993,"Soundwaves at Gaylord Opryland, 2800, Opryland Drive, Nashville-Davidson, Davidson County, Tennessee, 37214, United States",36.21369115,-86.69458356037906
484,"""10 Steps to Better Healthcare: A Guide for Chinese-American Seniors""",2010,"Los Angeles, Los Angeles County, California, United States",34.0536909,-118.242766
485,"""10 Things I Hate About You""",2009,"Los Angeles, Los Angeles County, California, United States",34.0536909,-118.242766
486,"""10 Things I Hate""",2012,"Washington, District of Columbia, United States",38.8950368,-77.0365427
487,"""10 Things I Hate""",2012,"Steilacoom, Pierce County, Washington, 98388, United States",47.1703692,-122.596287
488,"""10 Things You Didn't Know About...""",2006,"Parco dell'Etna, Catania, Sicilia, Italia",37.7487871,14.966850147778693
489,"""10 Things You Must Know""",2006,"Edina, Hennepin County, Minnesota, United States",44.8897027,-93.3501222
490,"""10 Things You Must Know""",2006,"Minneapolis, Hennepin County, Minnesota, United States",44.9772995,-93.2654692
491,"""10 Years of Monkey Business""",2007,"Dorset, England, United Kingdom",50.79683685,-2.34473226124306
492,"""10 lneas de 'El Quijote'""",2005,"Madrid, Área metropolitana de Madrid y Corredor del Henares, Comunidad de Madrid, 28080, España",40.4167047,-3.7035825
493,"""10 om te zien""",1989,"Blankenberge, Brugge, West-Vlaanderen, Vlaanderen, 8370, België / Belgique / Belgien",51.31700275,3.133658034483461
494,"""10 om te zien""",1989,"Leuven, Vlaams-Brabant, Vlaanderen, België / Belgique / Belgien",50.879202,4.7011675
495,"""10 sposobov""",2013,"Київ, 1001, Україна",50.4500336,30.5241361
496,"""10""",2009,"Kuala Lumpur, Malaysia",3.1516964,101.6942371
497,"""10,000 BC""",2015,Бългaрия,42.6073975,25.4856617
498,"""10,000 Hours""",2017,"Brooklyn, Kings County, New York, United States",40.6526006,-73.9497211
499,"""10-8: Officers on Duty""",2003,"California, United States",36.7014631,-118.755997
500,"""10-8: Officers on Duty""",2003,United States,39.7837304,-100.445882
501,"""10-8: Officers on Duty""",2003,"Los Angeles, Los Angeles County, California, United States",34.0536909,-118.242766
502,"""10.5""",2004,"Hollywood Sign, Mount Lee Drive, Hollywood Hills, Los Angeles, Los Angeles County, California, 90068, United States",34.1340991,-118.321652
503,"""10.5""",2004,"Vancouver, District of North Vancouver, Metro Vancouver Regional District, British Columbia, Canada",49.2608724,-123.113952
504,"""100 Bullets D'Argento""",2012,"Roma, Roma Capitale, Lazio, Italia",41.8933203,12.4829321
505,"""100 Calabazas""",2011,"Madrid, Área metropolitana de Madrid y Corredor del Henares, Comunidad de Madrid, 28080, España",40.4167047,-3.7035825
506,"""100 Centre Street""",2001,"New York, United States",40.7127281,-74.0060152
507,"""100 Days of Summer""",2013,"Chicago, Cook County, Illinois, United States",41.8755616,-87.6244212
508,"""100 Deeds for Eddie McDowd""",1999,"Azusa, Los Angeles County, California, United States",34.1338751,-117.9056046
509,"""100 Deeds for Eddie McDowd""",1999,"Los Angeles, Los Angeles County, California, United States",34.0536909,-118.242766
510,"""100 Deeds for Eddie McDowd""",1999,"Sierra Madre, Los Angeles County, California, 91024, United States",34.1616729,-118.052845
511,"""100 Frogs""",2015,"The Bronx, Bronx County, New York, United States",40.8466508,-73.8785937
512,"""100 Frogs""",2015,"Manhattan, New York County, New York, United States",40.7896239,-73.9598939
513,"""100 Greatest Artists of Hard Rock""",2000,"Los Angeles, Los Angeles County, California, United States",34.0536909,-118.242766
514,"""100 Greatest Artists of Hard Rock""",2000,"New York, United States",40.7127281,-74.0060152
515,"""100 Greatest Discoveries""",2004,"Baltimore, Maryland, United States",39.2908816,-76.610759
516,"""100 Greatest Discoveries""",2004,"Old Town Village, Alexandria, Virginia, United States",38.8022644,-77.05428406149906
517,"""100 Greatest Discoveries""",2004,"The Mall at Prince Georges, 3500, East-West Highway, Hyattsville, Prince George's County, Maryland, 20782, United States",38.96870965,-76.95730866107307
518,"""100 Greatest Discoveries""",2004,"Staunton, Virginia, United States",38.1495947,-79.072557
519,"""100 Greatest Discoveries""",2004,"Washington, District of Columbia, United States",38.8950368,-77.0365427
520,"""100 Greatest Stand-Ups of All Time""",2004,"Hollywood, Los Angeles, Los Angeles County, California, United States",34.0980031,-118.329523
521,"""100 Latinos Dijeron""",2013,"Los Angeles, Los Angeles County, California, United States",34.0536909,-118.242766
522,"""100 Mile Meals""",2014,"Santa Cruz County, California, United States",37.050096,-121.9905908
523,"""100 Nen Interview""",2007,"東京都, 日本",35.6828387,139.7594549
524,"""100 Proof""",2004,"Los Angeles, Los Angeles County, California, United States",34.0536909,-118.242766
525,"""100 Proof""",2004,"Miami, Miami-Dade County, Florida, United States",25.7741728,-80.19362
526,"""100 Proof""",2004,"New York, United States",40.7127281,-74.0060152
527,"""100 Winners""",2007,"Los Angeles, Los Angeles County, California, United States",34.0536909,-118.242766
528,"""100 hjdare""",2004,"University of California, Berkeley, Centennial Drive, Oakland, Alameda County, California, 94720-1076, United States",37.8753497,-122.23963364918777
529,"""100 hjdare""",2004,"Florida, United States",27.7567667,-81.4639835
530,"""100 hjdare""",2004,"Los Angeles, Los Angeles County, California, United States",34.0536909,-118.242766
531,"""100 hjdare""",2004,"Tulsa, Tulsa County, Oklahoma, 74172, United States",36.1556805,-95.9929113
532,"""100 hjdare""",2004,"Amarillo, Potter County, Texas, 79105, United States",35.2072185,-101.8338246
533,"""100 hjdare""",2004,"Erick, Beckham County, Oklahoma, 73645, United States",35.2153299,-99.8664925
534,"""100 hjdare""",2004,"Hollywood, Los Angeles, Los Angeles County, California, United States",34.0980031,-118.329523
535,"""100 hjdare""",2004,"Hartsfield–Jackson Atlanta International Airport, 6000, North Terminal Parkway, College Park, Atlanta, Fulton County, Georgia, 30337, United States",33.63779875,-84.42927118585675
536,"""100 hjdare""",2004,"Lexington, Dawson County, Nebraska, 68850, United States",40.7788486,-99.7414869
537,"""100 hjdare""",2004,"Greenville, Butler County, Alabama, 36037, United States",31.8295972,-86.6177517
538,"""100 mexicanos dijeron""",2001,México,23.6585116,-102.0077097
539,"""100 mexicanos dijieron""",2009,"The Ritz-Carlton, Mexico City, 509, Avenida Paseo de la Reforma, Colonia Cuauhtémoc, Cuauhtémoc, Ciudad de México, 06500, México",19.4239552,-99.1757289
540,"""100% Azull""",2007,México,23.6585116,-102.0077097
541,"""100% Azull""",2007,United States,39.7837304,-100.445882
542,"""100% mujer""",2003,México,23.6585116,-102.0077097
543,"""1000 Ways to Die""",1000,"Hollywood Hills, Los Angeles, Los Angeles County, California, United States",34.1311792,-118.3355474
544,"""1000 Ways to Die""",1000,"Hollywood, Los Angeles, Los Angeles County, California, United States",34.0980031,-118.329523
545,"""1000 Ways to Die""",1000,"Los Angeles, Los Angeles County, California, United States",34.0536909,-118.242766
546,"""1000 Ways to Die""",1000,"Santa Clarita, Los Angeles County, California, United States",34.3916641,-118.542586
547,"""1000 Ways to Die""",1000,"Los Angeles, Los Angeles County, California, United States",34.0536909,-118.242766
548,"""1000 Ways to Die""",1000,"Santa Clarita, Los Angeles County, California, United States",34.3916641,-118.542586
549,"""1000 Ways to Die""",1000,"Los Angeles, Los Angeles County, California, United States",34.0536909,-118.242766
550,"""1000 Ways to Die""",1000,"Studio City, Los Angeles, Los Angeles County, California, 91604, United States",34.1483989,-118.3961877
551,"""1000 Ways to Die""",1000,"Los Angeles, Los Angeles County, California, United States",34.0536909,-118.242766
552,"""1000 Ways to Die""",1000,"Santa Clarita, Los Angeles County, California, United States",34.3916641,-118.542586
553,"""1000 Ways to Die""",1000,"Burbank, Los Angeles County, California, United States",34.1816482,-118.3258554
554,"""1000 millones""",1000,"Punta Del Este, Maldonado, 20100, Uruguay",-34.9632342,-54.9439981
555,"""1001 Tardes""",1001,"Lisboa, Portugal",38.7077507,-9.1365919
556,"""1001 Things You Should Know""",1001,"Glasgow, Glasgow City, Alba / Scotland, G2 9SA, United Kingdom",55.8609825,-4.2488787
557,"""2012 UEFA European Football Championship""",2012,"Olympic Stadium, Kiev, Ukraine",50.433483,30.521778
558,"""2012 UEFA European Football Championship""",2012,"Donass Arena Stadium, Donetsk, Ukraine",48.020981,37.810146
559,"""2012 UEFA European Football Championship""",2012,"Metalist Stadium, Kharkiv, Ukraine",49.9751777659,36.2570206386
560,"""2012 UEFA European Football Championship""",2012,"Arena Lviv, Lviv, Ukraine",49.771830246,24.02333324
